chan, chan
cha, chan
ch, chan
c, chan
dentro, dentro
dentr, dentro
dent, dentro
den, dentro
de, dentro
d, dentro
vilma, vilma
vilm, vilma
vil, vilma
vi, vilma
v, vilma
nestle, nestle
nestl, nestle
nest, nestle
nes, nestle
ne, nestle
n, nestle
batavo, batavo
batav, batavo
bata, batavo
bat, batavo
ba, batavo
b, batavo
danone, danone
danon, danone
dano, danone
dan, danone
da, danone
d, danone
bolacha, bolacha
bolach, bolacha
bolac, bolacha
bola, bolacha
bol, bolacha
bo, bolacha
b, bolacha
enlatadas, enlatadas
enlatada, enlatadas
enlatad, enlatadas
enlata, enlatadas
enlat, enlatadas
enla, enlatadas
enl, enlatadas
en, enlatadas
e, enlatadas
de, debovina, bovina
bovin, bovina
bovi, bovina
bov, bovina
bo, bovina
b, bovina
conserva, conserva
conserv, conserva
conser, conserva
conse, conserva
cons, conserva
con, conserva
co, conserva
c, conserva
marinadas, marinadas
marinada, marinadas
marinad, marinadas
marina, marinadas
marin, marinadas
mari, marinadas
mar, marinadas
ma, marinadas
m, marinadas
ameixas, ameixas
ameixa, ameixas
ameix, ameixas
amei, ameixas
ame, ameixas
am, ameixas
a, ameixas
secas, secas
seca, secas
sec, secas
se, secas
s, secas
em, empicante, picante
picant, picante
pican, picante
pica, picante
pic, picante
pi, picante
p, picante
calda, calda
cald, calda
cal, calda
ca, calda
c, calda
panini, panini
panin, panini
pani, panini
pan, panini
pa, panini
p, panini
japones, japones
japone, japones
japon, japones
japo, japones
jap, japones
ja, japones
j, japones
mandioca, mandioca
mandioc, mandioca
mandio, mandioca
mandi, mandioca
mand, mandioca
man, mandioca
ma, mandioca
m, mandioca
laminada, laminada
laminad, laminada
lamina, laminada
lamin, laminada
lami, laminada
lam, laminada
la, laminada
l, laminada
achocolatado, achocolatado
achocolatad, achocolatado
achocolata, achocolatado
achocolat, achocolatado
achocola, achocolatado
achocol, achocolatado
achoco, achocolatado
achoc, achocolatado
acho, achocolatado
ach, achocolatado
ac, achocolatado
a, achocolatado
po, pointegral, integral
integra, integral
integr, integral
integ, integral
inte, integral
int, integral
in, integral
i, integral
mascavo, mascavo
mascav, mascavo
masca, mascavo
masc, mascavo
mas, mascavo
ma, mascavo
m, mascavo
verdes, verdes
verde, verdes
verd, verdes
ver, verdes
ve, verdes
v, verdes
torrado, torrado
torrad, torrado
torra, torrado
torr, torrado
tor, torrado
to, torrado
t, torrado
moido, moido
moid, moido
moi, moido
mo, moido
m, moido
defumada, defumada
defumad, defumada
defuma, defumada
defum, defumada
defu, defumada
def, defumada
de, defumada
d, defumada
doce, doce
doc, doce
do, doce
d, doce
caramelizado, caramelizado
caramelizad, caramelizado
carameliza, caramelizado
carameliz, caramelizado
carameli, caramelizado
caramel, caramelizado
carame, caramelizado
caram, caramelizado
cara, caramelizado
car, caramelizado
ca, caramelizado
c, caramelizado
torrada, torrada
torrad, torrada
torra, torrada
torr, torrada
tor, torrada
to, torrada
t, torrada
selvagem, selvagem
selvage, selvagem
selvag, selvagem
selva, selvagem
selv, selvagem
sel, selvagem
se, selvagem
s, selvagem
enlatada, enlatada
enlatad, enlatada
enlata, enlatada
enlat, enlatada
enla, enlatada
enl, enlatada
en, enlatada
e, enlatada
acai, acai
aca, acai
ac, acai
a, acai
acém, acém
acé, acém
ac, acém
a, acém
assado, assado
assad, assado
assa, assado
ass, assado
as, assado
a, assado
apresuntado, apresuntado
apresuntad, apresuntado
apresunta, apresuntado
apresunt, apresuntado
apresun, apresuntado
apresu, apresuntado
apres, apresuntado
apre, apresuntado
apr, apresuntado
ap, apresuntado
a, apresuntado
asa, asa
as, asa
a, asa
linguica, linguica
linguic, linguica
lingui, linguica
lingu, linguica
ling, linguica
lin, linguica
li, linguica
l, linguica
alheira, alheira
alheir, alheira
alhei, alheira
alhe, alheira
alh, alheira
al, alheira
a, alheira
asinha, asinha
asinh, asinha
asin, asinha
asi, asinha
as, asinha
a, asinha
sabonete, sabonete
sabonet, sabonete
sabone, sabonete
sabon, sabonete
sabo, sabonete
sab, sabonete
sa, sabonete
s, sabonete
grao, grao
gra, grao
gr, grao
g, grao
tres, tres
tre, tres
tr, tres
t, tres
coracao, coracao
coraca, coracao
corac, coracao
cora, coracao
cor, coracao
co, coracao
c, coracao
condicionador, condicionador
condicionado, condicionador
condicionad, condicionador
condiciona, condicionador
condicion, condicionador
condicio, condicionador
condici, condicionador
condic, condicionador
condi, condicionador
cond, condicionador
con, condicionador
co, condicionador
c, condicionador
fradinho, fradinho
fradinh, fradinho
fradin, fradinho
fradi, fradinho
frad, fradinho
fra, fradinho
fr, fradinho
f, fradinho
suina, suina
suin, suina
sui, suina
su, suina
s, suina
bolinhos, bolinhos
bolinho, bolinhos
bolinh, bolinhos
bolin, bolinhos
boli, bolinhos
bol, bolinhos
bo, bolinhos
b, bolinhos
quibes, quibes
quibe, quibes
quib, quibes
qui, quibes
qu, quibes
q, quibes
panela, panela
panel, panela
pane, panela
pan, panela
pa, panela
p, panela
aves, aves
ave, aves
av, aves
a, aves
frangos, frangos
frango, frangos
frang, frangos
fran, frangos
fra, frangos
fr, frangos
f, frangos
perus, perus
peru, perus
per, perus
pe, perus
p, perus
galinhas, galinhas
galinha, galinhas
galinh, galinhas
galin, galinhas
gali, galinhas
gal, galinhas
ga, galinhas
g, galinhas
salgadinho, salgadinho
salgadinh, salgadinho
salgadin, salgadinho
salgadi, salgadinho
salgad, salgadinho
salga, salgadinho
salg, salgadinho
sal, salgadinho
sa, salgadinho
s, salgadinho
forma, forma
form, forma
for, forma
fo, forma
f, forma
tradicional, tradicional
tradiciona, tradicional
tradicion, tradicional
tradicio, tradicional
tradici, tradicional
tradic, tradicional
tradi, tradicional
trad, tradicional
tra, tradicional
tr, tradicional
t, tradicional
bisnack, bisnack
bisnac, bisnack
bisna, bisnack
bisn, bisnack
bis, bisnack
bi, bisnack
b, bisnack
salame, salame
salam, salame
sala, salame
sal, salame
sa, salame
s, salame
sabor, sabor
sabo, sabor
sab, sabor
sa, sabor
s, sabor
fatiado, fatiado
fatiad, fatiado
fatia, fatiado
fati, fatiado
fat, fatiado
fa, fatiado
f, fatiado
requeijao, requeijao
requeija, requeijao
requeij, requeijao
requei, requeijao
reque, requeijao
requ, requeijao
req, requeijao
re, requeijao
r, requeijao
light, light
ligh, light
lig, light
li, light
l, light
vigor, vigor
vigo, vigor
vig, vigor
vi, vigor
v, vigor
folha, folha
folh, folha
fol, folha
fo, folha
f, folha
cebola, cebola
cebol, cebola
cebo, cebola
ceb, cebola
ce, cebola
c, cebola
agranel, agranel
agrane, agranel
agran, agranel
agra, agranel
agr, agranel
ag, agranel
a, agranel
fora, fora
for, fora
fo, fora
f, fora
fuba, fuba
fub, fuba
fu, fuba
f, fuba
milho, milho
milh, milho
mil, milho
mi, milho
m, milho
mimoso, mimoso
mimos, mimoso
mimo, mimoso
mim, mimoso
mi, mimoso
m, mimoso
pacha, pacha
pach, pacha
pac, pacha
pa, pacha
p, pacha
pronta, pronta
pront, pronta
pron, pronta
pro, pronta
pr, pronta
p, pronta
natura, natura
natur, natura
natu, natura
nat, natura
na, natura
n, natura
vacuo, vacuo
vacu, vacuo
vac, vacuo
va, vacuo
v, vacuo
semolao, semolao
semola, semolao
semol, semolao
semo, semolao
sem, semolao
se, semolao
s, semolao
especial, especial
especia, especial
especi, especial
espec, especial
espe, especial
esp, especial
es, especial
e, especial
refinado, refinado
refinad, refinado
refina, refinado
refin, refinado
refi, refinado
ref, refinado
re, refinado
r, refinado
marlin, marlin
marli, marlin
marl, marlin
mar, marlin
ma, marlin
m, marlin
extra, extra
extr, extra
ext, extra
ex, extra
e, extra
forte, forte
fort, forte
for, forte
fo, forte
f, forte
mistura, mistura
mistur, mistura
mistu, mistura
mist, mistura
mis, mistura
mi, mistura
m, mistura
coco, coco
coc, coco
co, coco
c, coco
biscoito, biscoito
biscoit, biscoito
biscoi, biscoito
bisco, biscoito
bisc, biscoito
bis, biscoito
bi, biscoito
b, biscoito
ninfa, ninfa
ninf, ninfa
nin, ninfa
ni, ninfa
n, ninfa
maizena, maizena
maizen, maizena
maize, maizena
maiz, maizena
mai, maizena
ma, maizena
m, maizena
soya, soya
soy, soya
so, soya
s, soya
quata, quata
quat, quata
qua, quata
qu, quata
q, quata
buquê, buquê
buqu, buquê
buq, buquê
bu, buquê
b, buquê
lux, lux
lu, lux
l, lux
suave, suave
suav, suave
sua, suave
su, suave
s, suave
lavanda, lavanda
lavand, lavanda
lavan, lavanda
lava, lavanda
lav, lavanda
la, lavanda
l, lavanda
prestobarba, prestobarba
prestobarb, prestobarba
prestobar, prestobarba
prestoba, prestobarba
prestob, prestobarba
presto, prestobarba
prest, prestobarba
pres, prestobarba
pre, prestobarba
pr, prestobarba
p, prestobarba
gillete, gillete
gillet, gillete
gille, gillete
gill, gillete
gil, gillete
gi, gillete
g, gillete
igarape, igarape
igarap, igarape
igara, igarape
igar, igarape
iga, igarape
ig, igarape
i, igarape
dia, dia
di, dia
d, dia
brasil, brasil
brasi, brasil
bras, brasil
bra, brasil
br, brasil
b, brasil
waffer, waffer
waffe, waffer
waff, waffer
waf, waffer
wa, waffer
w, waffer
branco, branco
branc, branco
bran, branco
bra, branco
br, branco
b, branco
bis, bis
bi, bis
b, bis
itambe, itambe
itamb, itambe
itam, itambe
ita, itambe
it, itambe
i, itambe
extrato, extrato
extrat, extrato
extra, extrato
extr, extrato
ext, extrato
ex, extrato
e, extrato
elefante, elefante
elefant, elefante
elefan, elefante
elefa, elefante
elef, elefante
ele, elefante
el, elefante
e, elefante
pote, pote
pot, pote
po, pote
p, pote
amalia, amalia
amali, amalia
amal, amalia
ama, amalia
am, amalia
a, amalia
instantaneo, instantaneo
instantane, instantaneo
instantan, instantaneo
instanta, instantaneo
instant, instantaneo
instan, instantaneo
insta, instantaneo
inst, instantaneo
ins, instantaneo
in, instantaneo
i, instantaneo
carioca, carioca
carioc, carioca
cario, carioca
cari, carioca
car, carioca
ca, carioca
c, carioca
tipua, tipua
tipu, tipua
tip, tipua
ti, tipua
t, tipua
calabresa, calabresa
calabres, calabresa
calabre, calabresa
calabr, calabresa
calab, calabresa
cala, calabresa
cal, calabresa
ca, calabresa
c, calabresa
ador, ador
ado, ador
ad, ador
a, ador
wafer, wafer
wafe, wafer
waf, wafer
wa, wafer
w, wafer
trento, trento
trent, trento
tren, trento
tre, trento
tr, trento
t, trento
colgate, colgate
colgat, colgate
colga, colgate
colg, colgate
col, colgate
co, colgate
c, colgate
trip, trip
tri, trip
tr, trip
t, trip
aguai, aguai
agua, aguai
agu, aguai
ag, aguai
a, aguai
branca, branca
branc, branca
bran, branca
bra, branca
br, branca
b, branca
roxa, roxa
rox, roxa
ro, roxa
r, roxa
condesado, condesado
condesad, condesado
condesa, condesado
condes, condesado
conde, condesado
cond, condesado
con, condesado
co, condesado
c, condesado
plena, plena
plen, plena
ple, plena
pl, plena
p, plena
eurocucar, eurocucar
eurocuca, eurocucar
eurocuc, eurocucar
eurocu, eurocucar
euroc, eurocucar
euro, eurocucar
eur, eurocucar
eu, eurocucar
e, eurocucar
pilao, pilao
pila, pilao
pil, pilao
pi, pilao
p, pilao
brahma, brahma
brahm, brahma
brah, brahma
bra, brahma
br, brahma
b, brahma
repolho, repolho
repolh, repolho
repol, repolho
repo, repolho
rep, repolho
re, repolho
r, repolho
verde, verde
verd, verde
ver, verde
ve, verde
v, verde
limao, limao
lima, limao
lim, limao
li, limao
l, limao
pizza, pizza
pizz, pizza
piz, pizza
pi, pizza
p, pizza
seara, seara
sear, seara
sea, seara
se, seara
s, seara
porto, porto
port, porto
por, porto
po, porto
p, porto
alegre, alegre
alegr, alegre
aleg, alegre
ale, alegre
al, alegre
a, alegre
iorgute, iorgute
iorgut, iorgute
iorgu, iorgute
iorg, iorgute
ior, iorgute
io, iorgute
i, iorgute
polpa, polpa
polp, polpa
pol, polpa
po, polpa
p, polpa
fruta, fruta
frut, fruta
fru, fruta
fr, fruta
f, fruta
cremoso, cremoso
cremos, cremoso
cremo, cremoso
crem, cremoso
cre, cremoso
cr, cremoso
c, cremoso
uai, uai
ua, uai
u, uai
tche, tche
tch, tche
tc, tche
t, tche
coca, coca
coc, coca
co, coca
c, coca
cola, cola
col, cola
co, cola
c, cola
del, del
de, del
d, del
valle, valle
vall, valle
val, valle
va, valle
v, valle
guarana, guarana
guaran, guarana
guara, guarana
guar, guarana
gua, guarana
gu, guarana
g, guarana
serrana, serrana
serran, serrana
serra, serrana
serr, serrana
ser, serrana
se, serrana
s, serrana
petra, petra
petr, petra
pet, petra
pe, petra
p, petra
roupas, roupas
roupa, roupas
roup, roupas
rou, roupas
ro, roupas
r, roupas
comfort, comfort
comfor, comfort
comfo, comfort
comf, comfort
com, comfort
co, comfort
c, comfort
brilhate, brilhate
brilhat, brilhate
brilha, brilhate
brilh, brilhate
bril, brilhate
bri, brilhate
br, brilhate
b, brilhate
sanitaria, sanitaria
sanitari, sanitaria
sanitar, sanitaria
sanita, sanitaria
sanit, sanitaria
sani, sanitaria
san, sanitaria
sa, sanitaria
s, sanitaria
higiênico, higiênico
higiênic, higiênico
higiêni, higiênico
higiên, higiênico
higiê, higiênico
higi, higiênico
hig, higiênico
hi, higiênico
h, higiênico
pantene, pantene
panten, pantene
pante, pantene
pant, pantene
pan, pantene
pa, pantene
p, pantene
fralda, fralda
frald, fralda
fral, fralda
fra, fralda
fr, fralda
f, fralda
lasanha, lasanha
lasanh, lasanha
lasan, lasanha
lasa, lasanha
las, lasanha
la, lasanha
l, lasanha
mucarela, mucarela
mucarel, mucarela
mucare, mucarela
mucar, mucarela
muca, mucarela
muc, mucarela
mu, mucarela
m, mucarela
ralado, ralado
ralad, ralado
rala, ralado
ral, ralado
ra, ralado
r, ralado
massa, massa
mass, massa
mas, massa
ma, massa
m, massa
tomate, tomate
tomat, tomate
toma, tomate
tom, tomate
to, tomate
t, tomate
inglesa, inglesa
ingles, inglesa
ingle, inglesa
ingl, inglesa
ing, inglesa
in, inglesa
i, inglesa
palmem, palmem
palme, palmem
palm, palmem
pal, palmem
pa, palmem
p, palmem
codorna, codorna
codorn, codorna
codor, codorna
codo, codorna
cod, codorna
co, codorna
c, codorna
cereal, cereal
cerea, cereal
cere, cereal
cer, cereal
ce, cereal
c, cereal
matinal, matinal
matina, matinal
matin, matinal
mati, matinal
mat, matinal
ma, matinal
m, matinal
passatempo, passatempo
passatemp, passatempo
passatem, passatempo
passate, passatempo
passat, passatempo
passa, passatempo
pass, passatempo
pas, passatempo
pa, passatempo
p, passatempo
dove, dove
dov, dove
do, dove
d, dove
veja, veja
vej, veja
ve, veja
v, veja
alcool, alcool
alcoo, alcool
alco, alcool
alc, alcool
al, alcool
a, alcool
azulim, azulim
azuli, azulim
azul, azulim
azu, azulim
az, azulim
a, azulim
piracanjuba, piracanjuba
piracanjub, piracanjuba
piracanju, piracanjuba
piracanj, piracanjuba
piracan, piracanjuba
piraca, piracanjuba
pirac, piracanjuba
pira, piracanjuba
pir, piracanjuba
pi, piracanjuba
p, piracanjuba
pepsi, pepsi
peps, pepsi
pep, pepsi
pe, pepsi
p, pepsi
fanta, fanta
fant, fanta
fan, fanta
fa, fanta
f, fanta
refrigerante, refrigerante
refrigerant, refrigerante
refrigeran, refrigerante
refrigera, refrigerante
refriger, refrigerante
refrige, refrigerante
refrig, refrigerante
refri, refrigerante
refr, refrigerante
ref, refrigerante
re, refrigerante
r, refrigerante
neve, neve
nev, neve
ne, neve
n, neve
nectar, nectar
necta, nectar
nect, nectar
nec, nectar
ne, nectar
n, nectar
lava, lava
lav, lava
la, lava
l, lava
palito, palito
palit, palito
pali, palito
pal, palito
pa, palito
p, palito
abóbora, abóbora
abóbor, abóbora
abóbo, abóbora
abób, abóbora
abó, abóbora
ab, abóbora
a, abóbora
abobrinha, abobrinha
abobrinh, abobrinha
abobrin, abobrinha
abobri, abobrinha
abobr, abobrinha
abob, abobrinha
abo, abobrinha
ab, abobrinha
a, abobrinha
poro, poro
por, poro
po, poro
p, poro
baroa, baroa
baro, baroa
bar, baroa
ba, baroa
b, baroa
castanha, castanha
castanh, castanha
castan, castanha
casta, castanha
cast, castanha
cas, castanha
ca, castanha
c, castanha
para, para
par, para
pa, para
p, para
carvao, carvao
carva, carvao
carv, carvao
car, carvao
ca, carvao
c, carvao
manteiga, manteiga
manteig, manteiga
mantei, manteiga
mante, manteiga
mant, manteiga
man, manteiga
ma, manteiga
m, manteiga
lirio, lirio
liri, lirio
lir, lirio
li, lirio
l, lirio
paru, paru
par, paru
pa, paru
p, paru
quiabo, quiabo
quiab, quiabo
quia, quiabo
qui, quiabo
qu, quiabo
q, quiabo
quinoa, quinoa
quino, quinoa
quin, quinoa
qui, quinoa
qu, quinoa
q, quinoa
quina, quina
quin, quina
qui, quina
qu, quina
q, quina
rabanete, rabanete
rabanet, rabanete
rabane, rabanete
raban, rabanete
raba, rabanete
rab, rabanete
ra, rabanete
r, rabanete
rabano, rabano
raban, rabano
raba, rabano
rab, rabano
ra, rabano
r, rabano
rabano, rabano
raban, rabano
raba, rabano
rab, rabano
ra, rabano
r, rabano
rap, rap
ra, rap
r, rap
rutabaga, rutabaga
rutabag, rutabaga
rutaba, rutabaga
rutab, rutabaga
ruta, rutabaga
rut, rutabaga
ru, rutabaga
r, rutabaga
radicchio, radicchio
radicchi, radicchio
radicch, radicchio
radicc, radicchio
radic, radicchio
radi, radicchio
rad, radicchio
ra, radicchio
r, radicchio
rucula, rucula
rucul, rucula
rucu, rucula
ruc, rucula
ru, rucula
r, rucula
sementes, sementes
semente, sementes
sement, sementes
semen, sementes
seme, sementes
sem, sementes
se, sementes
s, sementes
shisso, shisso
shiss, shisso
shis, shisso
shi, shisso
sh, shisso
s, shisso
taioba, taioba
taiob, taioba
taio, taioba
tai, taioba
ta, taioba
t, taioba
tonka, tonka
tonk, tonka
ton, tonka
to, tonka
t, tonka
tupinambo, tupinambo
tupinamb, tupinambo
tupinam, tupinambo
tupina, tupinambo
tupin, tupinambo
tupi, tupinambo
tup, tupinambo
tu, tupinambo
t, tupinambo
taioba, taioba
taiob, taioba
taio, taioba
tai, taioba
ta, taioba
t, taioba
tomilho, tomilho
tomilh, tomilho
tomil, tomilho
tomi, tomilho
tom, tomilho
to, tomilho
t, tomilho
trevo, trevo
trev, trevo
tre, trevo
tr, trevo
t, trevo
trevinho, trevinho
trevinh, trevinho
trevin, trevinho
trevi, trevinho
trev, trevinho
tre, trevinho
tr, trevinho
t, trevinho
broto, broto
brot, broto
bro, broto
br, broto
b, broto
trigo, trigo
trig, trigo
tri, trigo
tr, trigo
t, trigo
urucum, urucum
urucu, urucum
uruc, urucum
uru, urucum
ur, urucum
u, urucum
urtiga, urtiga
urtig, urtiga
urti, urtiga
urt, urtiga
ur, urtiga
u, urtiga
vagem, vagem
vage, vagem
vag, vagem
va, vagem
v, vagem
vinagreira, vinagreira
vinagreir, vinagreira
vinagrei, vinagreira
vinagre, vinagreira
vinagr, vinagreira
vinag, vinagreira
vina, vinagreira
vin, vinagreira
vi, vinagreira
v, vinagreira
wasabi, wasabi
wasab, wasabi
wasa, wasabi
was, wasabi
wa, wasabi
w, wasabi
abiu, abiu
abi, abiu
ab, abiu
a, abiu
abrunho, abrunho
abrunh, abrunho
abrun, abrunho
abru, abrunho
abr, abrunho
ab, abrunho
a, abrunho
acerola, acerola
acerol, acerola
acero, acerola
acer, acerola
ace, acerola
ac, acerola
a, acerola
akee, akee
ake, akee
ak, akee
a, akee
atemoia, atemoia
atemoi, atemoia
atemo, atemoia
atem, atemoia
ate, atemoia
at, atemoia
a, atemoia
babaco, babaco
babac, babaco
baba, babaco
bab, babaco
ba, babaco
b, babaco
babaçu, babaçu
babaç, babaçu
baba, babaçu
bab, babaçu
ba, babaçu
b, babaçu
bacaba, bacaba
bacab, bacaba
baca, bacaba
bac, bacaba
ba, bacaba
b, bacaba
bacuri, bacuri
bacur, bacuri
bacu, bacuri
bac, bacuri
ba, bacuri
b, bacuri
bacupari, bacupari
bacupar, bacupari
bacupa, bacupari
bacup, bacupari
bacu, bacupari
bac, bacupari
ba, bacupari
b, bacupari
baru, baru
bar, baru
ba, baru
b, baru
bergamota, bergamota
bergamot, bergamota
bergamo, bergamota
bergam, bergamota
berga, bergamota
berg, bergamota
ber, bergamota
be, bergamota
b, bergamota
biriba, biriba
birib, biriba
biri, biriba
bir, biriba
bi, biriba
b, biriba
buriti, buriti
burit, buriti
buri, buriti
bur, buriti
bu, buriti
b, buriti
butia, butia
buti, butia
but, butia
bu, butia
b, butia
cacau, cacau
caca, cacau
cac, cacau
ca, cacau
c, cacau
cagaita, cagaita
cagait, cagaita
cagai, cagaita
caga, cagaita
cag, cagaita
ca, cagaita
c, cagaita
caimito, caimito
caimit, caimito
caimi, caimito
caim, caimito
cai, caimito
ca, caimito
c, caimito
caja, caja
caj, caja
ca, caja
c, caja
caju, caju
caj, caju
ca, caju
c, caju
kellogg's, kellogg's
kellogg', kellogg's
kellogg, kellogg's
kellog, kellogg's
kello, kellogg's
kell, kellogg's
kel, kellogg's
ke, kellogg's
k, kellogg's
cambuca, cambuca
cambuc, cambuca
cambu, cambuca
camb, cambuca
cam, cambuca
ca, cambuca
c, cambuca
cambuci, cambuci
cambuc, cambuci
cambu, cambuci
camb, cambuci
cam, cambuci
ca, cambuci
c, cambuci
aymore, aymore
aymor, aymore
aymo, aymore
aym, aymore
ay, aymore
a, aymore
caqui, caqui
caqu, caqui
caq, caqui
ca, caqui
c, caqui
carambola, carambola
carambol, carambola
carambo, carambola
caramb, carambola
caram, carambola
cara, carambola
car, carambola
ca, carambola
c, carambola
carnaúba, carnaúba
carnaúb, carnaúba
carnaú, carnaúba
carna, carnaúba
carn, carnaúba
car, carnaúba
ca, carnaúba
c, carnaúba
ciriguela, ciriguela
ciriguel, ciriguela
cirigue, ciriguela
cirigu, ciriguela
cirig, ciriguela
ciri, ciriguela
cir, ciriguela
ci, ciriguela
c, ciriguela
ciruela, ciruela
ciruel, ciruela
cirue, ciruela
ciru, ciruela
cir, ciruela
ci, ciruela
c, ciruela
cranberry, cranberry
cranberr, cranberry
cranber, cranberry
cranbe, cranberry
cranb, cranberry
cran, cranberry
cra, cranberry
cr, cranberry
c, cranberry
cupuacu, cupuacu
cupuac, cupuacu
cupua, cupuacu
cupu, cupuacu
cup, cupuacu
cu, cupuacu
c, cupuacu
dekopon, dekopon
dekopo, dekopon
dekop, dekopon
deko, dekopon
dek, dekopon
de, dekopon
d, dekopon
escropari, escropari
escropar, escropari
escropa, escropari
escrop, escropari
escro, escropari
escr, escropari
esc, escropari
es, escropari
e, escropari
esfregadinha, esfregadinha
esfregadinh, esfregadinha
esfregadin, esfregadinha
esfregadi, esfregadinha
esfregad, esfregadinha
esfrega, esfregadinha
esfreg, esfregadinha
esfre, esfregadinha
esfr, esfregadinha
esf, esfregadinha
es, esfregadinha
e, esfregadinha
figo, figo
fig, figo
fi, figo
f, figo
gravata, gravata
gravat, gravata
grava, gravata
grav, gravata
gra, gravata
gr, gravata
g, gravata
graviola, graviola
graviol, graviola
gravio, graviola
gravi, graviola
grav, graviola
gra, graviola
gr, graviola
g, graviola
groselha, groselha
groselh, groselha
grosel, groselha
grose, groselha
gros, groselha
gro, groselha
gr, groselha
g, groselha
grumixama, grumixama
grumixam, grumixama
grumixa, grumixama
grumix, grumixama
grumi, grumixama
grum, grumixama
gru, grumixama
gr, grumixama
g, grumixama
guabiju, guabiju
guabij, guabiju
guabi, guabiju
guab, guabiju
gua, guabiju
gu, guabiju
g, guabiju
guabiroba, guabiroba
guabirob, guabiroba
guabiro, guabiroba
guabir, guabiroba
guabi, guabiroba
guab, guabiroba
gua, guabiroba
gu, guabiroba
g, guabiroba
ibacurupari, ibacurupari
ibacurupar, ibacurupari
ibacurupa, ibacurupari
ibacurup, ibacurupari
ibacuru, ibacurupari
ibacur, ibacurupari
ibacu, ibacurupari
ibac, ibacurupari
iba, ibacurupari
ib, ibacurupari
i, ibacurupari
ilama, ilama
ilam, ilama
ila, ilama
il, ilama
i, ilama
imbe, imbe
imb, imbe
im, imbe
i, imbe
imbu, imbu
imb, imbu
im, imbu
i, imbu
inaja, inaja
inaj, inaja
ina, inaja
in, inaja
i, inaja
inga, inga
ing, inga
in, inga
i, inga
jabuticaba, jabuticaba
jabuticab, jabuticaba
jabutica, jabuticaba
jabutic, jabuticaba
jabuti, jabuticaba
jabut, jabuticaba
jabu, jabuticaba
jab, jabuticaba
ja, jabuticaba
j, jabuticaba
jaca, jaca
jac, jaca
ja, jaca
j, jaca
jambo, jambo
jamb, jambo
jam, jambo
ja, jambo
j, jambo
jambolao, jambolao
jambola, jambolao
jambol, jambolao
jambo, jambolao
jamb, jambolao
jam, jambolao
ja, jambolao
j, jambolao
jamelao, jamelao
jamela, jamelao
jamel, jamelao
jame, jamelao
jam, jamelao
ja, jamelao
j, jamelao
jaracatia, jaracatia
jaracati, jaracatia
jaracat, jaracatia
jaraca, jaracatia
jarac, jaracatia
jara, jaracatia
jar, jaracatia
ja, jaracatia
j, jaracatia
jatoba, jatoba
jatob, jatoba
jato, jatoba
jat, jatoba
ja, jatoba
j, jatoba
jenipapo, jenipapo
jenipap, jenipapo
jenipa, jenipapo
jenip, jenipapo
jeni, jenipapo
jen, jenipapo
je, jenipapo
j, jenipapo
jeriva, jeriva
jeriv, jeriva
jeri, jeriva
jer, jeriva
je, jeriva
j, jeriva
jua, jua
ju, jua
j, jua
jujuba, jujuba
jujub, jujuba
juju, jujuba
juj, jujuba
ju, jujuba
j, jujuba
kiwi, kiwi
kiw, kiwi
ki, kiwi
k, kiwi
kumquat, kumquat
kumqua, kumquat
kumqu, kumquat
kumq, kumquat
kum, kumquat
ku, kumquat
k, kumquat
kinkan, kinkan
kinka, kinkan
kink, kinkan
kin, kinkan
ki, kinkan
k, kinkan
kino, kino
kin, kino
ki, kino
k, kino
kiwano, kiwano
kiwan, kiwano
kiwa, kiwano
kiw, kiwano
ki, kiwano
k, kiwano
kabosu, kabosu
kabos, kabosu
kabo, kabosu
kab, kabosu
ka, kabosu
k, kabosu
karite, karite
karit, karite
kari, karite
kar, karite
ka, karite
k, karite
lichia, lichia
lichi, lichia
lich, lichia
lic, lichia
li, lichia
l, lichia
mabolo, mabolo
mabol, mabolo
mabo, mabolo
mab, mabolo
ma, mabolo
m, mabolo
grosso, grosso
gross, grosso
gros, grosso
gro, grosso
gr, grosso
g, grosso
mamoncillo, mamoncillo
mamoncill, mamoncillo
mamoncil, mamoncillo
mamonci, mamoncillo
mamonc, mamoncillo
mamon, mamoncillo
mamo, mamoncillo
mam, mamoncillo
ma, mamoncillo
m, mamoncillo
mana, mana
man, mana
ma, mana
m, mana
cubiu, cubiu
cubi, cubiu
cub, cubiu
cu, cubiu
c, cubiu
churrasco, churrasco
churrasc, churrasco
churras, churrasco
churra, churrasco
churr, churrasco
chur, churrasco
chu, churrasco
ch, churrasco
c, churrasco
manga, manga
mang, manga
man, manga
ma, manga
m, manga
mangaba, mangaba
mangab, mangaba
manga, mangaba
mang, mangaba
man, mangaba
ma, mangaba
m, mangaba
mangostao, mangostao
mangosta, mangostao
mangost, mangostao
mangos, mangostao
mango, mangostao
mang, mangostao
man, mangostao
ma, mangostao
m, mangostao
maracuja, maracuja
maracuj, maracuja
maracu, maracuja
marac, maracuja
mara, maracuja
mar, maracuja
ma, maracuja
m, maracuja
marmelo, marmelo
marmel, marmelo
marme, marmelo
marm, marmelo
mar, marmelo
ma, marmelo
m, marmelo
knor, knor
kno, knor
kn, knor
k, knor
massala, massala
massal, massala
massa, massala
mass, massala
mas, massala
ma, massala
m, massala
meloa, meloa
melo, meloa
mel, meloa
me, meloa
m, meloa
milagre, milagre
milagr, milagre
milag, milagre
mila, milagre
mil, milagre
mi, milagre
m, milagre
tatu, tatu
tat, tatu
ta, tatu
t, tatu
mirtilo, mirtilo
mirtil, mirtilo
mirti, mirtilo
mirt, mirtilo
mir, mirtilo
mi, mirtilo
m, mirtilo
murici, murici
muric, murici
muri, murici
mur, murici
mu, murici
m, murici
pera, pera
per, pera
pe, pera
p, pera
pessego, pessego
pesseg, pessego
pesse, pessego
pess, pessego
pes, pessego
pe, pessego
p, pessego
pitanga, pitanga
pitang, pitanga
pitan, pitanga
pita, pitanga
pit, pitanga
pi, pitanga
p, pitanga
pinha, pinha
pinh, pinha
pin, pinha
pi, pinha
p, pinha
pindaiba, pindaiba
pindaib, pindaiba
pindai, pindaiba
pinda, pindaiba
pind, pindaiba
pin, pindaiba
pi, pindaiba
p, pindaiba
pequi, pequi
pequ, pequi
peq, pequi
pe, pequi
p, pequi
danette, danette
danett, danette
danet, danette
dane, danette
dan, danette
da, danette
d, danette
danoninho, danoninho
danoninh, danoninho
danonin, danoninho
danoni, danoninho
danon, danoninho
dano, danoninho
dan, danoninho
da, danoninho
d, danoninho
pulasan, pulasan
pulasa, pulasan
pulas, pulasan
pula, pulasan
pul, pulasan
pu, pulasan
p, pulasan
wickbold, wickbold
wickbol, wickbold
wickbo, wickbold
wickb, wickbold
wick, wickbold
wic, wickbold
wi, wickbold
w, wickbold
quaker, quaker
quake, quaker
quak, quaker
qua, quaker
qu, quaker
q, quaker
pomelo, pomelo
pomel, pomelo
pome, pomelo
pom, pomelo
po, pomelo
p, pomelo
pupunha, pupunha
pupunh, pupunha
pupun, pupunha
pupu, pupunha
pup, pupunha
pu, pupunha
p, pupunha
puca, puca
puc, puca
pu, puca
p, puca
pataua, pataua
patau, pataua
pata, pataua
pat, pataua
pa, pataua
p, pataua
pajura, pajura
pajur, pajura
paju, pajura
paj, pajura
pa, pajura
p, pajura
pixirica, pixirica
pixiric, pixirica
pixiri, pixirica
pixir, pixirica
pixi, pixirica
pix, pixirica
pi, pixirica
p, pixirica
roma, roma
rom, roma
ro, roma
r, roma
rambai, rambai
ramba, rambai
ramb, rambai
ram, rambai
ra, rambai
r, rambai
rambutao, rambutao
rambuta, rambutao
rambut, rambutao
rambu, rambutao
ramb, rambutao
ram, rambutao
ra, rambutao
r, rambutao
sapucaia, sapucaia
sapucai, sapucaia
sapuca, sapucaia
sapuc, sapucaia
sapu, sapucaia
sap, sapucaia
sa, sapucaia
s, sapucaia
tangerina, tangerina
tangerin, tangerina
tangeri, tangerina
tanger, tangerina
tange, tangerina
tang, tangerina
tan, tangerina
ta, tangerina
t, tangerina
tamarindo, tamarindo
tamarind, tamarindo
tamarin, tamarindo
tamari, tamarindo
tamar, tamarindo
tama, tamarindo
tam, tamarindo
ta, tamarindo
t, tamarindo
tamara, tamara
tamar, tamara
tama, tamara
tam, tamara
ta, tamara
t, tamara
toranja, toranja
toranj, toranja
toran, toranja
tora, toranja
tor, toranja
to, toranja
t, toranja
nutella, nutella
nutell, nutella
nutel, nutella
nute, nutella
nut, nutella
nu, nutella
n, nutella
pepsico, pepsico
pepsic, pepsico
pepsi, pepsico
peps, pepsico
pep, pepsico
pe, pepsico
p, pepsico
hersheys, hersheys
hershey, hersheys
hershe, hersheys
hersh, hersheys
hers, hersheys
her, hersheys
he, hersheys
h, hersheys
gatorade, gatorade
gatorad, gatorade
gatora, gatorade
gator, gatorade
gato, gatorade
gat, gatorade
ga, gatorade
g, gatorade
cottonelle, cottonelle
cottonell, cottonelle
cottonel, cottonelle
cottone, cottonelle
cotton, cottonelle
cotto, cottonelle
cott, cottonelle
cot, cottonelle
co, cottonelle
c, cottonelle
m&ms, m&ms
m&m, m&ms
m&, m&ms
m, m&ms
oreo, oreo
ore, oreo
or, oreo
o, oreo
lays, lays
lay, lays
la, lays
l, lays
avon, avon
avo, avon
av, avon
a, avon
belvita, belvita
belvit, belvita
belvi, belvita
belv, belvita
bel, belvita
be, belvita
b, belvita
red, red
re, red
r, red
bull, bull
bul, bull
bu, bull
b, bull
barilla, barilla
barill, barilla
baril, barilla
bari, barilla
bar, barilla
ba, barilla
b, barilla
bertolli, bertolli
bertoll, bertolli
bertol, bertolli
berto, bertolli
bert, bertolli
ber, bertolli
be, bertolli
b, bertolli
bauducco, bauducco
bauducc, bauducco
bauduc, bauducco
baudu, bauducco
baud, bauducco
bau, bauducco
ba, bauducco
b, bauducco
bonduelle, bonduelle
bonduell, bonduelle
bonduel, bonduelle
bondue, bonduelle
bondu, bonduelle
bond, bonduelle
bon, bonduelle
bo, bonduelle
b, bonduelle
blue, blue
blu, blue
bl, blue
b, blue
diamond, diamond
diamon, diamond
diamo, diamond
diam, diamond
dia, diamond
di, diamond
d, diamond
birds, birds
bird, birds
bir, birds
bi, birds
b, birds
eye, eye
ey, eye
e, eye
bimbo, bimbo
bimb, bimbo
bim, bimbo
bi, bimbo
b, bimbo
buitoni, buitoni
buiton, buitoni
buito, buitoni
buit, buitoni
bui, buitoni
bu, buitoni
b, buitoni
barao, barao
bara, barao
bar, barao
ba, barao
b, barao
batavo, batavo
batav, batavo
bata, batavo
bat, batavo
ba, batavo
b, batavo
heinz, heinz
hein, heinz
hei, heinz
he, heinz
h, heinz
mars, mars
mar, mars
ma, mars
m, mars
bco, branco
mac, macarrao
bot, botanico
l, lirio
az, azul